{
  "train_acc": [
    78.59666666666666,
    86.76166666666667,
    88.65333333333334,
    89.64,
    90.4,
    91.365,
    91.69,
    92.01166666666667,
    92.39,
    92.575,
    92.995,
    93.29,
    93.36,
    93.48833333333333,
    93.65,
    93.995,
    94.05333333333333,
    94.105,
    94.11,
    94.22166666666666
  ],
  "test_acc": [
    85.53,
    87.18,
    88.92,
    89.11,
    89.83,
    90.48,
    90.98,
    90.89,
    91.07,
    91.48,
    91.22,
    91.62,
    91.49,
    91.57,
    91.79,
    91.91,
    91.77,
    91.9,
    91.89,
    92.06
  ],
  "train_loss": [
    5.980741032659372,
    3.3321873935809267,
    2.7088327064697166,
    2.357863703770424,
    2.12071002648075,
    1.859898395121479,
    1.7686875817109782,
    1.6695077908572866,
    1.5946485588291306,
    1.5326459204464324,
    1.4108782348348134,
    1.354573201141886,
    1.3340430485922645,
    1.2984970208170064,
    1.2674161990695416,
    1.20054939001608,
    1.1873598904497842,
    1.1669805473101926,
    1.1626108387894214,
    1.1504465286284367
  ],
  "test_loss": [
    0.6702751087237008,
    0.5569586867018591,
    0.5406286565563346,
    0.5023985401361803,
    0.48123190344511707,
    0.4413217972916893,
    0.3941094457537313,
    0.4198418469934524,
    0.39659774949467635,
    0.4195272124643567,
    0.40897799726528455,
    0.39558177950638757,
    0.392696702546334,
    0.42996258835626555,
    0.4008848926500429,
    0.3913115579870683,
    0.41097471174560013,
    0.3806350403760053,
    0.37793922528058665,
    0.3880520818542831
  ],
  "teacher_weights": {
    "teacher_0": [
      0.2,
      0.2,
      0.2,
      0.2,
      0.2,
      0.2,
      0.2,
      0.2,
      0.2,
      0.2,
      0.2,
      0.2,
      0.2,
      0.2,
      0.2,
      0.2,
      0.2,
      0.2,
      0.2,
      0.2
    ],
    "teacher_1": [
      0.2,
      0.2,
      0.2,
      0.2,
      0.2,
      0.2,
      0.2,
      0.2,
      0.2,
      0.2,
      0.2,
      0.2,
      0.2,
      0.2,
      0.2,
      0.2,
      0.2,
      0.2,
      0.2,
      0.2
    ],
    "teacher_2": [
      0.2,
      0.2,
      0.2,
      0.2,
      0.2,
      0.2,
      0.2,
      0.2,
      0.2,
      0.2,
      0.2,
      0.2,
      0.2,
      0.2,
      0.2,
      0.2,
      0.2,
      0.2,
      0.2,
      0.2
    ],
    "teacher_3": [
      0.2,
      0.2,
      0.2,
      0.2,
      0.2,
      0.2,
      0.2,
      0.2,
      0.2,
      0.2,
      0.2,
      0.2,
      0.2,
      0.2,
      0.2,
      0.2,
      0.2,
      0.2,
      0.2,
      0.2
    ],
    "teacher_4": [
      0.2,
      0.2,
      0.2,
      0.2,
      0.2,
      0.2,
      0.2,
      0.2,
      0.2,
      0.2,
      0.2,
      0.2,
      0.2,
      0.2,
      0.2,
      0.2,
      0.2,
      0.2,
      0.2,
      0.2
    ]
  },
  "individual_fidelity": {
    "teacher_0": [
      0.2559262812137604,
      0.19340963661670685,
      0.1579090803861618,
      0.15022887289524078,
      0.13624219596385956,
      0.12001059204339981,
      0.11743670701980591,
      0.10878513008356094,
      0.10553581267595291,
      0.10289443284273148,
      0.1040293425321579,
      0.09701845049858093,
      0.09856369346380234,
      0.09583412110805511,
      0.09305049479007721,
      0.0910382941365242,
      0.09277933090925217,
      0.09413506835699081,
      0.0900479406118393,
      0.09013571590185165
    ],
    "teacher_1": [
      0.26111817359924316,
      0.20164072513580322,
      0.15869644284248352,
      0.15344253182411194,
      0.14267772436141968,
      0.11721855401992798,
      0.12012170255184174,
      0.10904113948345184,
      0.10579061508178711,
      0.09863652288913727,
      0.09973954409360886,
      0.09682688862085342,
      0.09555982053279877,
      0.094247005879879,
      0.08824247866868973,
      0.08857223391532898,
      0.09224086254835129,
      0.08962948620319366,
      0.08893771469593048,
      0.08692097663879395
    ],
    "teacher_2": [
      0.689630925655365,
      0.6799101233482361,
      0.8165659308433533,
      0.7866884469985962,
      0.7760271430015564,
      0.8599205017089844,
      0.7884681224822998,
      0.8633324503898621,
      0.829222559928894,
      0.9389294981956482,
      0.9233800768852234,
      0.8956894278526306,
      0.9011649489402771,
      1.0139575004577637,
      0.9727428555488586,
      0.9545520544052124,
      0.986274778842926,
      0.9477927684783936,
      0.9306749105453491,
      0.9838454127311707
    ],
    "teacher_3": [
      0.2683807909488678,
      0.21046356856822968,
      0.1676139086484909,
      0.1627682000398636,
      0.15081839263439178,
      0.12614135444164276,
      0.13179413974285126,
      0.11883269995450974,
      0.11800141632556915,
      0.11011633276939392,
      0.11155584454536438,
      0.10771726071834564,
      0.10910291969776154,
      0.10383938252925873,
      0.10154230892658234,
      0.10260795801877975,
      0.10246609896421432,
      0.1037423238158226,
      0.10293596237897873,
      0.10033518821001053
    ],
    "teacher_4": [
      0.7992931008338928,
      0.7742213010787964,
      0.9220783114433289,
      0.8843504190444946,
      0.8560855388641357,
      0.9500662088394165,
      0.879701554775238,
      0.9411500692367554,
      0.9107550978660583,
      1.0176957845687866,
      1.0082470178604126,
      0.9767797589302063,
      0.9802263379096985,
      1.0919939279556274,
      1.0521208047866821,
      1.032487154006958,
      1.0606653690338135,
      1.0308339595794678,
      1.010636568069458,
      1.0646477937698364
    ]
  },
  "centroid_fidelity": [
    0.326015442609787,
    0.28307464718818665,
    0.31571832299232483,
    0.29864126443862915,
    0.2835157811641693,
    0.30581703782081604,
    0.27865004539489746,
    0.2993738651275635,
    0.28500667214393616,
    0.3248001039028168,
    0.3205359876155853,
    0.30595192313194275,
    0.3080690801143646,
    0.3511199653148651,
    0.3326853811740875,
    0.3249971270561218,
    0.3380308747291565,
    0.3243723213672638,
    0.31579217314720154,
    0.3363226056098938
  ],
  "teacher_diversity": {
    "teacher_0": [
      0.11620920151472092,
      0.11620920151472092,
      0.11620920151472092,
      0.11620920151472092,
      0.11620920151472092,
      0.11620920151472092,
      0.11620920151472092,
      0.11620920151472092,
      0.11620920151472092,
      0.11620920151472092,
      0.11620920151472092,
      0.11620920151472092,
      0.11620920151472092,
      0.11620920151472092,
      0.11620920151472092,
      0.11620920151472092,
      0.11620920151472092,
      0.11620920151472092,
      0.11620920151472092,
      0.11620920151472092
    ],
    "teacher_1": [
      0.12671901285648346,
      0.12671901285648346,
      0.12671901285648346,
      0.12671901285648346,
      0.12671901285648346,
      0.12671901285648346,
      0.12671901285648346,
      0.12671901285648346,
      0.12671901285648346,
      0.12671901285648346,
      0.12671901285648346,
      0.12671901285648346,
      0.12671901285648346,
      0.12671901285648346,
      0.12671901285648346,
      0.12671901285648346,
      0.12671901285648346,
      0.12671901285648346,
      0.12671901285648346,
      0.12671901285648346
    ],
    "teacher_2": [
      0.1331751048564911,
      0.1331751048564911,
      0.1331751048564911,
      0.1331751048564911,
      0.1331751048564911,
      0.1331751048564911,
      0.1331751048564911,
      0.1331751048564911,
      0.1331751048564911,
      0.1331751048564911,
      0.1331751048564911,
      0.1331751048564911,
      0.1331751048564911,
      0.1331751048564911,
      0.1331751048564911,
      0.1331751048564911,
      0.1331751048564911,
      0.1331751048564911,
      0.1331751048564911,
      0.1331751048564911
    ],