{
  "micro_student": {
    "0.0": {
      "test_acc": 88.46,
      "R_S": 0.3316562039942681,
      "loss_gap": 0.04994728342007987,
      "F_cent": 0.39617888610574264,
      "F_avg": 0.45375719719295243,
      "sqrt_F_cent": 0.6294274271953381
    },
    "0.01": {
      "test_acc": 87.58,
      "R_S": 0.33839332170878783,
      "loss_gap": 0.056684401134599605,
      "F_cent": 0.3503146594083762,
      "F_avg": 0.5138620485987846,
      "sqrt_F_cent": 0.5918738543037496
    },
    "0.025": {
      "test_acc": 87.94,
      "R_S": 0.338284757318376,
      "loss_gap": 0.05657583674418776,
      "F_cent": 0.2756067197534102,
      "F_avg": 0.48408484602276297,
      "sqrt_F_cent": 0.5249825899526671
    },
    "0.05": {
      "test_acc": 88.29,
      "R_S": 0.3514331969656522,
      "loss_gap": 0.06972427639146395,
      "F_cent": 0.2404169327096094,
      "F_avg": 0.5262769183026085,
      "sqrt_F_cent": 0.49032329407199227
    },
    "0.1": {
      "test_acc": 88.44,
      "R_S": 0.3687171509748773,
      "loss_gap": 0.08700823040068906,
      "F_cent": 0.20982510888878303,
      "F_avg": 0.5616880903515635,
      "sqrt_F_cent": 0.4580667079026624
    },
    "0.25": {
      "test_acc": 87.91,
      "R_S": 0.4179460600584368,
      "loss_gap": 0.1362371394842486,
      "F_cent": 0.19904548721977428,
      "F_avg": 0.5813547048387647,
      "sqrt_F_cent": 0.4461451414279598
    },
    "0.5": {
      "test_acc": 87.66,
      "R_S": 0.4587739466489116,
      "loss_gap": 0.17706502607472335,
      "F_cent": 0.17861711894032323,
      "F_avg": 0.5767787825834904,
      "sqrt_F_cent": 0.4226311854801101
    },
    "1.0": {
      "test_acc": 88.37,
      "R_S": 0.4877582396604592,
      "loss_gap": 0.206049319086271,
      "F_cent": 0.13589629889289034,
      "F_avg": 0.5898572665603856,
      "sqrt_F_cent": 0.3686411519254061
    },
    "2.5": {
      "test_acc": 88.32,
      "R_S": 0.5131225093633314,
      "loss_gap": 0.23141358878914314,
      "F_cent": 0.15034373745888094,
      "F_avg": 0.612837333920636,
      "sqrt_F_cent": 0.38774184383282767
    },
    "5.0": {
      "test_acc": 87.79,
      "R_S": 0.5351032267642927,
      "loss_gap": 0.25339430619010445,
      "F_cent": 0.1472116053293023,
      "F_avg": 0.574163211014452,
      "sqrt_F_cent": 0.38368164580717473
    },
    "10.0": {
      "test_acc": 88.16,
      "R_S": 0.5339238062689576,
      "loss_gap": 0.2522148856947694,
      "F_cent": 0.14642103252154362,
      "F_avg": 0.6320563786957838,
      "sqrt_F_cent": 0.3826500130949215
    },
    "100.0": {
      "test_acc": 87.96,
      "R_S": 0.5354642085259473,
      "loss_gap": 0.2537552879517591,
      "F_cent": 0.14724887681158283,
      "F_avg": 0.585651830008513,
      "sqrt_F_cent": 0.3837302135766518
    },
    "1000.0": {
      "test_acc": 88.35,
      "R_S": 0.5135773533507239,
      "loss_gap": 0.23186843277653563,
      "F_cent": 0.14297752751957013,
      "F_avg": 0.5891152302298364,
      "sqrt_F_cent": 0.3781236934120502
    }
  },
  "tiny_student": {
    "0.0": {
      "test_acc": 91.7,
      "R_S": 0.23312815410804144,
      "loss_gap": 0.048580766466146785,
      "F_cent": 0.24360177316997625,
      "F_avg": 0.30623595661754854,
      "sqrt_F_cent": 0.4935603034786897
    },
    "0.01": {
      "test_acc": 90.65,
      "R_S": 0.2721921889276444,
      "loss_gap": 0.009516731646543819,
      "F_cent": 0.19845959110350547,
      "F_avg": 0.4156952702169176,
      "sqrt_F_cent": 0.44548803699258355
    },
    "0.025": {
      "test_acc": 90.91,
      "R_S": 0.2669397875477996,
      "loss_gap": 0.014769133026388603,
      "F_cent": 0.15017903530144994,
      "F_avg": 0.4463310234531573,
      "sqrt_F_cent": 0.38752939927371954
    },
    "0.05": {
      "test_acc": 90.89,
      "R_S": 0.29323219913470594,
      "loss_gap": 0.011523278560517713,
      "F_cent": 0.1368935649530797,
      "F_avg": 0.4851991481418852,
      "sqrt_F_cent": 0.36999130388845586
    },
    "0.1": {
      "test_acc": 90.18,
      "R_S": 0.32834311904786506,
      "loss_gap": 0.046634198473676836,
      "F_cent": 0.1256274310282514,
      "F_avg": 0.5146040979065474,
      "sqrt_F_cent": 0.354439601382593
    },
    "0.25": {
      "test_acc": 90.53,
      "R_S": 0.35972150924462304,
      "loss_gap": 0.07801258867043481,
      "F_cent": 0.0942975714142564,
      "F_avg": 0.5124708782268477,
      "sqrt_F_cent": 0.3070790963485734
    },
    "0.5": {
      "test_acc": 90.43,
      "R_S": 0.40491751751190497,
      "loss_gap": 0.12320859693771674,
      "F_cent": 0.09253289592982847,
      "F_avg": 0.5389239688085603,
      "sqrt_F_cent": 0.30419220228307703
    },
    "1.0": {
      "test_acc": 90.37,
      "R_S": 0.41601441489367547,
      "loss_gap": 0.13430549431948724,
      "F_cent": 0.08609666835658158,
      "F_avg": 0.5458733907417406,
      "sqrt_F_cent": 0.2934223378623066
    },
    "2.5": {
      "test_acc": 90.38,
      "R_S": 0.44816091741564906,
      "loss_gap": 0.16645199684146084,
      "F_cent": 0.09198774340786511,
      "F_avg": 0.5815821904170362,
      "sqrt_F_cent": 0.30329481269528025
    },
    "5.0": {
      "test_acc": 90.43,
      "R_S": 0.43812610576801664,
      "loss_gap": 0.1564171851938284,
      "F_cent": 0.08830496720686744,
      "F_avg": 0.555299055519738,
      "sqrt_F_cent": 0.29716151703554655
    },
    "10.0": {
      "test_acc": 90.08,
      "R_S": 0.46082630640343775,
      "loss_gap": 0.17911738582924952,
      "F_cent": 0.09003272534737104,
      "F_avg": 0.5442492203433301,
      "sqrt_F_cent": 0.30005453728842535
    },
    "100.0": {
      "test_acc": 90.59,
      "R_S": 0.4551986121112787,
      "loss_gap": 0.17348969153709048,
      "F_cent": 0.08236990633267391,
      "F_avg": 0.5656572602406332,
      "sqrt_F_cent": 0.28700157897244033
    },
    "1000.0": {
      "test_acc": 90.7,
      "R_S": 0.4339936563297163,
      "loss_gap": 0.1522847357555281,
      "F_cent": 0.07863470959135249,
      "F_avg": 0.5239420566377762,
      "sqrt_F_cent": 0.2804188110511713
    }
  },
  "student": {
    "0.0": {
      "test_acc": 92.07,
      "R_S": 0.2442764744539804,
      "loss_gap": 0.037432446120207824,
      "F_cent": 0.17101891489723062,
      "F_avg": 0.26690972636017624,
      "sqrt_F_cent": 0.4135443324448186
    },
    "0.01": {
      "test_acc": 92.28,
      "R_S": 0.2520555977391291,
      "loss_gap": 0.029653322835059115,
      "F_cent": 0.10635059402336049,
      "F_avg": 0.38998271279697183,
      "sqrt_F_cent": 0.32611438794288194
    },
    "0.025": {
      "test_acc": 91.87,
      "R_S": 0.2783744711947592,
      "loss_gap": 0.0033344493794290053,
      "F_cent": 0.08561757079596762,
      "F_avg": 0.42365874898961836,
      "sqrt_F_cent": 0.2926048030979116
    },
    "0.05": {
      "test_acc": 91.74,
      "R_S": 0.30285152208201493,
      "loss_gap": 0.021142601507826708,
      "F_cent": 0.07729479929880251,
      "F_avg": 0.4648046836068359,
      "sqrt_F_cent": 0.2780194225208061
    },
    "0.1": {
      "test_acc": 91.91,
      "R_S": 0.3170268711975858,
      "loss_gap": 0.0353179506233976,
      "F_cent": 0.068946534979947,
      "F_avg": 0.4488753013407127,
      "sqrt_F_cent": 0.26257672208317895
    },
    "0.25": {
      "test_acc": 91.76,
      "R_S": 0.3561630697944496,
      "loss_gap": 0.07445414922026139,
      "F_cent": 0.058038373866790456,
      "F_avg": 0.4587784997458701,
      "sqrt_F_cent": 0.24091154780705398
    },
    "0.5": {
      "test_acc": 91.72,
      "R_S": 0.381923012352914,
      "loss_gap": 0.10021409177872576,
      "F_cent": 0.05168892410171183,
      "F_avg": 0.47227997753439066,
      "sqrt_F_cent": 0.22735198284095046
    },
    "1.0": {
      "test_acc": 92.26,
      "R_S": 0.3754108668882636,
      "loss_gap": 0.09370194631407536,
      "F_cent": 0.04811789227437369,
      "F_avg": 0.45809815375110774,
      "sqrt_F_cent": 0.21935790907640804
    },
    "2.5": {
      "test_acc": 91.91,
      "R_S": 0.4137822044188086,