{
  "train_acc": [
    79.77166666666666,
    87.97333333333333,
    89.57333333333334,
    90.53166666666667,
    91.21666666666667,
    91.98666666666666,
    92.33,
    92.70666666666666,
    92.875,
    93.10666666666667,
    93.67666666666666,
    93.73333333333333,
    93.92666666666666,
    94.06666666666666,
    94.00833333333334,
    94.39666666666666,
    94.56,
    94.565,
    94.52,
    94.73166666666667
  ],
  "test_acc": [
    86.36,
    88.54,
    89.73,
    89.59,
    90.65,
    91.03,
    91.23,
    91.31,
    91.65,
    91.62,
    91.62,
    91.88,
    91.88,
    91.72,
    91.82,
    91.96,
    91.84,
    92.05,
    92.12,
    92.22
  ],
  "train_loss": [
    17.35703635876621,
    10.800549444105071,
    9.487650096543563,
    8.872127467889522,
    8.500723439238982,
    8.135908141065,
    7.988584001943755,
    7.874508294469512,
    7.768361666055122,
    7.668672949012154,
    7.515652144133155,
    7.465867054742028,
    7.42621566898533,
    7.385383031515679,
    7.345407006074625,
    7.268934784667579,
    7.23996341660587,
    7.21993597636599,
    7.202468824284925,
    7.179043698666701
  ],
  "test_loss": [
    0.6202103936974006,
    0.5446055554136445,
    0.4528639048715181,
    0.469200397876999,
    0.44089103928661044,
    0.40030216741599617,
    0.38843174415487275,
    0.40775379618700547,
    0.3920332425262166,
    0.38802460005766226,
    0.40083088846051995,
    0.3790340873448155,
    0.3833011171037826,
    0.39584685343353054,
    0.38761462466909163,
    0.3813143623167578,
    0.3794044645715363,
    0.36377289778069605,
    0.35880953328141685,
    0.38362359600966867
  ],
  "teacher_weights": {
    "teacher_0": [
      0.2000000000000017,
      0.2000000000000017,
      0.2000000000000017,
      0.2000000000000017,
      0.2000000000000017,
      0.2000000000000017,
      0.2000000000000017,
      0.2000000000000017,
      0.2000000000000017,
      0.2000000000000017,
      0.2000000000000017,
      0.2000000000000017,
      0.2000000000000017,
      0.2000000000000017,
      0.2000000000000017,
      0.2000000000000017,
      0.2000000000000017,
      0.2000000000000017,
      0.2000000000000017,
      0.2000000000000017
    ],
    "teacher_1": [
      0.2000000000000017,
      0.2000000000000017,
      0.2000000000000017,
      0.2000000000000017,
      0.2000000000000017,
      0.2000000000000017,
      0.2000000000000017,
      0.2000000000000017,
      0.2000000000000017,
      0.2000000000000017,
      0.2000000000000017,
      0.2000000000000017,
      0.2000000000000017,
      0.2000000000000017,
      0.2000000000000017,
      0.2000000000000017,
      0.2000000000000017,
      0.2000000000000017,
      0.2000000000000017,
      0.2000000000000017
    ],
    "teacher_2": [
      0.2000000000000017,
      0.2000000000000017,
      0.2000000000000017,
      0.2000000000000017,
      0.2000000000000017,
      0.2000000000000017,
      0.2000000000000017,
      0.2000000000000017,
      0.2000000000000017,
      0.2000000000000017,
      0.2000000000000017,
      0.2000000000000017,
      0.2000000000000017,
      0.2000000000000017,
      0.2000000000000017,
      0.2000000000000017,
      0.2000000000000017,
      0.2000000000000017,
      0.2000000000000017,
      0.2000000000000017
    ],
    "teacher_3": [
      0.2000000000000017,
      0.2000000000000017,
      0.2000000000000017,
      0.2000000000000017,
      0.2000000000000017,
      0.2000000000000017,
      0.2000000000000017,
      0.2000000000000017,
      0.2000000000000017,
      0.2000000000000017,
      0.2000000000000017,
      0.2000000000000017,
      0.2000000000000017,
      0.2000000000000017,
      0.2000000000000017,
      0.2000000000000017,
      0.2000000000000017,
      0.2000000000000017,
      0.2000000000000017,
      0.2000000000000017
    ],
    "teacher_4": [
      0.2000000000000017,
      0.2000000000000017,
      0.2000000000000017,
      0.2000000000000017,
      0.2000000000000017,
      0.2000000000000017,
      0.2000000000000017,
      0.2000000000000017,
      0.2000000000000017,
      0.2000000000000017,
      0.2000000000000017,
      0.2000000000000017,
      0.2000000000000017,
      0.2000000000000017,
      0.2000000000000017,
      0.2000000000000017,
      0.2000000000000017,
      0.2000000000000017,
      0.2000000000000017,
      0.2000000000000017
    ]
  },
  "individual_fidelity": {
    "teacher_0": [
      0.22455058991909027,
      0.16389766335487366,
      0.13690045475959778,
      0.12986303865909576,
      0.11327916383743286,
      0.10511671006679535,
      0.10449383407831192,
      0.09954048693180084,
      0.09544852375984192,
      0.09479297697544098,
      0.09436610341072083,
      0.09221675246953964,
      0.09063252806663513,
      0.08975861966609955,
      0.08730420470237732,
      0.08570386469364166,
      0.08717988431453705,
      0.08836932480335236,
      0.08740612864494324,
      0.0858350619673729
    ],
    "teacher_1": [
      0.23161154985427856,
      0.16951501369476318,
      0.13688114285469055,
      0.12937280535697937,
      0.11489208787679672,
      0.1037350594997406,
      0.10387992113828659,
      0.09716089814901352,
      0.09406886994838715,
      0.09196518361568451,
      0.08971284329891205,
      0.08995429426431656,
      0.08703316003084183,
      0.08821532875299454,
      0.08372006565332413,
      0.08330325782299042,
      0.08480652421712875,
      0.08406417071819305,
      0.08583000302314758,
      0.08213269710540771
    ],
    "teacher_2": [
      0.6588642597198486,
      0.7269452214241028,
      0.7691327929496765,
      0.8366075158119202,
      0.8553857207298279,
      0.8440549969673157,
      0.8335919976234436,
      0.8824083209037781,
      0.8643312454223633,
      0.9137570261955261,
      0.9323402047157288,
      0.9043640494346619,
      0.9355031251907349,
      0.9761623740196228,
      0.9565438628196716,
      0.9570263624191284,
      0.9673587083816528,
      0.9354973435401917,
      0.9103276133537292,
      0.989195704460144
    ],
    "teacher_3": [
      0.239576518535614,
      0.17661339044570923,
      0.14849810302257538,
      0.14017915725708008,
      0.12255553901195526,
      0.11308026313781738,
      0.116782046854496,
      0.10679887980222702,
      0.10281708091497421,
      0.09949952363967896,
      0.09975814819335938,
      0.09838911145925522,
      0.09601065516471863,
      0.09646831452846527,
      0.09324877709150314,
      0.09278115630149841,
      0.09336294233798981,
      0.0956311747431755,
      0.09695667773485184,
      0.09166720509529114
    ],
    "teacher_4": [
      0.7618940472602844,
      0.8169203400611877,
      0.8625217080116272,
      0.9251196384429932,
      0.9327906370162964,
      0.9263707995414734,
      0.9208058714866638,
      0.9530550837516785,
      0.9347215890884399,
      0.9853363037109375,
      1.0090959072113037,
      0.9816479682922363,
      1.0115875005722046,
      1.0513826608657837,
      1.0283066034317017,
      1.0306851863861084,
      1.040130615234375,
      1.0129860639572144,
      0.9843818545341492,
      1.0646204948425293
    ]
  },
  "centroid_fidelity": [
    0.2944449484348297,
    0.28192391991615295,
    0.28193238377571106,
    0.30337396264076233,
    0.2989262342453003,
    0.2896171510219574,
    0.2870562970638275,
    0.2989382743835449,
    0.28942304849624634,
    0.30821579694747925,
    0.3162001967430115,
    0.3044600188732147,
    0.31529897451400757,
    0.3315430283546448,
    0.3209702968597412,
    0.32104551792144775,
    0.3257133364677429,
    0.31445521116256714,
    0.3041260540485382,
    0.3338358402252197
  ],