{
  "train_acc": [
    78.71666666666667,
    86.585,
    88.21666666666667,
    89.16833333333334,
    89.95666666666666,
    90.915,
    91.205,
    91.51833333333333,
    91.85166666666667,
    92.13833333333334,
    92.62,
    92.74666666666667,
    92.88333333333334,
    93.08666666666667,
    93.195,
    93.485,
    93.54,
    93.68166666666667,
    93.73,
    93.82666666666667
  ],
  "test_acc": [
    84.66,
    86.89,
    88.88,
    89.22,
    89.4,
    90.29,
    90.43,
    90.69,
    90.81,
    91.0,
    90.91,
    91.3,
    91.18,
    91.09,
    91.29,
    91.49,
    91.11,
    91.57,
    91.55,
    91.6
  ],
  "train_loss": [
    6.640285397389296,
    3.9891802629173947,
    3.3818000267817774,
    3.032222280878502,
    2.7926146485912264,
    2.4689993967633765,
    2.356301487127601,
    2.272494900455353,
    2.1793194137402434,
    2.1084792118336853,
    1.9572194977355664,
    1.907042814089037,
    1.8528451379428286,
    1.8308328373599916,
    1.7808180997874945,
    1.6969747468352572,
    1.6900217247161784,
    1.6618947321926352,
    1.6444441902357887,
    1.6193582945541023
  ],
  "test_loss": [
    0.7396598511104342,
    0.6275972158093995,
    0.5590924484820305,
    0.5130495256449603,
    0.5391325931052996,
    0.4556343201783639,
    0.4550274537899826,
    0.4788322058282321,
    0.43403430235914037,
    0.4709311257812041,
    0.47344038847692405,
    0.4422146926952314,
    0.43922881970677197,
    0.45748401122002663,
    0.45681726602436623,
    0.45204095561293106,
    0.4477364808509621,
    0.42194201203086706,
    0.4275685282824915,
    0.44150588670863383
  ],
  "teacher_weights": {
    "teacher_0": [
      0.2,
      0.2,
      0.2,
      0.2,
      0.2,
      0.2,
      0.2,
      0.2,
      0.2,
      0.2,
      0.2,
      0.2,
      0.2,
      0.2,
      0.2,
      0.2,
      0.2,
      0.2,
      0.2,
      0.2
    ],
    "teacher_1": [
      0.2,
      0.2,
      0.2,
      0.2,
      0.2,
      0.2,
      0.2,
      0.2,
      0.2,
      0.2,
      0.2,
      0.2,
      0.2,
      0.2,
      0.2,
      0.2,
      0.2,
      0.2,
      0.2,
      0.2
    ],
    "teacher_2": [
      0.2,
      0.2,
      0.2,
      0.2,
      0.2,
      0.2,
      0.2,
      0.2,
      0.2,
      0.2,
      0.2,
      0.2,
      0.2,
      0.2,
      0.2,
      0.2,
      0.2,
      0.2,
      0.2,
      0.2
    ],
    "teacher_3": [
      0.2,
      0.2,
      0.2,
      0.2,
      0.2,
      0.2,
      0.2,
      0.2,
      0.2,
      0.2,
      0.2,
      0.2,
      0.2,
      0.2,
      0.2,
      0.2,
      0.2,
      0.2,
      0.2,
      0.2
    ],
    "teacher_4": [
      0.2,
      0.2,
      0.2,
      0.2,
      0.2,
      0.2,
      0.2,
      0.2,
      0.2,
      0.2,
      0.2,
      0.2,
      0.2,
      0.2,
      0.2,
      0.2,
      0.2,
      0.2,
      0.2,
      0.2
    ]
  },
  "individual_fidelity": {
    "teacher_0": [
      0.26525458693504333,
      0.20367825031280518,
      0.1675628125667572,
      0.1524951159954071,
      0.14664921164512634,
      0.12828683853149414,
      0.12711404263973236,
      0.12311355024576187,
      0.11801964044570923,
      0.12029343098402023,
      0.1263812780380249,
      0.1115885004401207,
      0.11171605437994003,
      0.11030462384223938,
      0.1119343489408493,
      0.10532857477664948,
      0.10684976726770401,
      0.10754352807998657,
      0.10386848449707031,
      0.10542263090610504
    ],
    "teacher_1": [
      0.2691322863101959,
      0.20790995657444,
      0.16300947964191437,
      0.14819477498531342,
      0.14028465747833252,
      0.1200033575296402,
      0.11768683791160583,
      0.11079858243465424,
      0.10998906195163727,
      0.1036243811249733,
      0.1075342670083046,
      0.099106565117836,
      0.09813780337572098,
      0.09610940515995026,
      0.09324302524328232,
      0.09176810085773468,
      0.09361974149942398,
      0.0920097604393959,
      0.0905563160777092,
      0.08976608514785767
    ],
    "teacher_2": [
      0.8251829147338867,
      0.8423939347267151,
      0.9782402515411377,
      0.9681186676025391,
      1.030432939529419,
      1.0258166790008545,
      1.0491912364959717,
      1.170308232307434,
      1.0885168313980103,
      1.2798118591308594,
      1.2691644430160522,
      1.230664849281311,
      1.2233093976974487,
      1.3059287071228027,
      1.312091588973999,
      1.2922135591506958,
      1.3047258853912354,
      1.2683689594268799,
      1.2915070056915283,
      1.3249374628067017
    ],
    "teacher_3": [
      0.26769062876701355,
      0.2076280564069748,
      0.16620691120624542,
      0.15092583000659943,
      0.14262442290782928,
      0.12722504138946533,
      0.12578874826431274,
      0.11544246971607208,
      0.1164221465587616,
      0.10927927494049072,
      0.11284472793340683,
      0.10678696632385254,
      0.10790828615427017,
      0.10337961465120316,
      0.1023138165473938,
      0.10040218383073807,
      0.10192693769931793,
      0.10250908136367798,
      0.10045238584280014,
      0.10052067041397095
    ],
    "teacher_4": [
      0.9615662097930908,
      0.952315628528595,
      1.1056311130523682,
      1.0831351280212402,
      1.1350637674331665,
      1.1420806646347046,
      1.159191370010376,
      1.27886962890625,
      1.1975998878479004,
      1.394197702407837,
      1.3866697549819946,
      1.349214792251587,
      1.3414437770843506,
      1.4191020727157593,
      1.4256340265274048,
      1.3972924947738647,
      1.415059208869934,
      1.3827792406082153,
      1.4036540985107422,
      1.4376158714294434
    ]
  },
  "centroid_fidelity": [
    0.3889109492301941,
    0.3539307415485382,
    0.38727569580078125,
    0.37171947956085205,
    0.3901565372943878,
    0.3798280954360962,
    0.38694003224372864,
    0.4308520555496216,
    0.3972550630569458,
    0.4725869596004486,
    0.4716644883155823,
    0.45061787962913513,
    0.44764864444732666,
    0.4781104624271393,
    0.4801890254020691,
    0.4685465693473816,
    0.47558194398880005,
    0.46178773045539856,
    0.4691532254219055,
    0.48279815912246704
  ],
  "teacher_diversity": {
    "teacher_0": [
      0.11620920151472092,
      0.11620920151472092,
      0.11620920151472092,
      0.11620920151472092,
      0.11620920151472092,
      0.11620920151472092,
      0.11620920151472092,
      0.11620920151472092,
      0.11620920151472092,
      0.11620920151472092,
      0.11620920151472092,
      0.11620920151472092,
      0.11620920151472092,
      0.11620920151472092,
      0.11620920151472092,
      0.11620920151472092,
      0.11620920151472092,
      0.11620920151472092,
      0.11620920151472092,
      0.11620920151472092
    ],
    "teacher_1": [
      0.12671901285648346,
      0.12671901285648346,
      0.12671901285648346,
      0.12671901285648346,
      0.12671901285648346,
      0.12671901285648346,
      0.12671901285648346,
      0.12671901285648346,
      0.12671901285648346,
      0.12671901285648346,
      0.12671901285648346,
      0.12671901285648346,
      0.12671901285648346,
      0.12671901285648346,
      0.12671901285648346,
      0.12671901285648346,
      0.12671901285648346,
      0.12671901285648346,
      0.12671901285648346,
      0.12671901285648346
    ],
    "teacher_2": [
      0.1331751048564911,
      0.1331751048564911,
      0.1331751048564911,
      0.1331751048564911,
      0.1331751048564911,
      0.1331751048564911,
      0.1331751048564911,
      0.1331751048564911,
      0.1331751048564911,
      0.1331751048564911,
      0.1331751048564911,
      0.1331751048564911,
      0.1331751048564911,
      0.1331751048564911,
      0.1331751048564911,
      0.1331751048564911,
      0.1331751048564911,
      0.1331751048564911,
      0.1331751048564911,
      0.1331751048564911
    ],