{
  "train_acc": [
    78.725,
    86.925,
    88.765,
    89.55666666666667,
    90.21166666666667,
    91.24,
    91.57333333333334,
    91.83833333333334,
    92.03666666666666,
    92.26333333333334,
    92.82666666666667,
    93.01166666666667,
    93.17833333333333,
    93.2,
    93.29833333333333,
    93.67833333333333,
    93.805,
    93.94,
    93.94833333333334,
    93.88166666666666
  ],
  "test_acc": [
    86.15,
    87.59,
    89.18,
    89.52,
    89.95,
    90.56,
    90.78,
    91.01,
    90.86,
    91.33,
    91.67,
    91.53,
    91.48,
    91.51,
    91.65,
    91.82,
    91.6,
    91.78,
    92.01,
    91.8
  ],
  "train_loss": [
    6.532087379427098,
    3.7856945203565586,
    3.147507007188126,
    2.87045010269832,
    2.6243391835104934,
    2.3356839400618825,
    2.221694516728936,
    2.1337658269827298,
    2.1052352901714952,
    2.051334696283727,
    1.8957202273137026,
    1.8002764864771097,
    1.7615260217489719,
    1.7166548697933206,
    1.7197970700924838,
    1.634478741744434,
    1.6014135312169855,
    1.64493652599961,
    1.5744072849562427,
    1.5801643542389372
  ],
  "test_loss": [
    0.6068069165266012,
    0.5810586099005952,
    0.5576915978630886,
    0.5128389564873297,
    0.512374776073649,
    0.4539803822961035,
    0.4453913075259969,
    0.4480436266977576,
    0.4409635093393205,
    0.4266477050849154,
    0.3777019876656653,
    0.45085658651741245,
    0.4437691693819022,
    0.4650337897901294,
    0.42311569765398777,
    0.37981732274535335,
    0.4408317244128336,
    0.4132765630566621,
    0.4047056926013548,
    0.4235494125492965
  ],
  "teacher_weights": {
    "teacher_0": [
      0.2,
      0.2,
      0.2,
      0.2,
      0.2,
      0.2,
      0.2,
      0.2,
      0.2,
      0.2,
      0.2,
      0.2,
      0.2,
      0.2,
      0.2,
      0.2,
      0.2,
      0.2,
      0.2,
      0.2
    ],
    "teacher_1": [
      0.2,
      0.2,
      0.2,
      0.2,
      0.2,
      0.2,
      0.2,
      0.2,
      0.2,
      0.2,
      0.2,
      0.2,
      0.2,
      0.2,
      0.2,
      0.2,
      0.2,
      0.2,
      0.2,
      0.2
    ],
    "teacher_2": [
      0.2,
      0.2,
      0.2,
      0.2,
      0.2,
      0.2,
      0.2,
      0.2,
      0.2,
      0.2,
      0.2,
      0.2,
      0.2,
      0.2,
      0.2,
      0.2,
      0.2,
      0.2,
      0.2,
      0.2
    ],
    "teacher_3": [
      0.2,
      0.2,
      0.2,
      0.2,
      0.2,
      0.2,
      0.2,
      0.2,
      0.2,
      0.2,
      0.2,
      0.2,
      0.2,
      0.2,
      0.2,
      0.2,
      0.2,
      0.2,
      0.2,
      0.2
    ],
    "teacher_4": [
      0.2,
      0.2,
      0.2,
      0.2,
      0.2,
      0.2,
      0.2,
      0.2,
      0.2,
      0.2,
      0.2,
      0.2,
      0.2,
      0.2,
      0.2,
      0.2,
      0.2,
      0.2,
      0.2,
      0.2
    ]
  },
  "individual_fidelity": {
    "teacher_0": [
      0.24791479110717773,
      0.19083955883979797,
      0.15443700551986694,
      0.15058085322380066,
      0.132547527551651,
      0.12084947526454926,
      0.12167370319366455,
      0.11480603367090225,
      0.11257351189851761,
      0.10808740556240082,
      0.1062004417181015,
      0.10401319712400436,
      0.10340902209281921,
      0.10419299453496933,
      0.09676390141248703,
      0.0958714410662651,
      0.09944988787174225,
      0.09718875586986542,
      0.0940568819642067,
      0.09675320237874985
    ],
    "teacher_1": [
      0.25201284885406494,
      0.19555361568927765,
      0.15348321199417114,
      0.145990252494812,
      0.1266452670097351,
      0.11537327617406845,
      0.11797890812158585,
      0.1084296777844429,
      0.10914770513772964,
      0.10191509872674942,
      0.10610539466142654,
      0.09760429710149765,
      0.09493593871593475,
      0.0974142998456955,
      0.0910690575838089,
      0.09808642417192459,
      0.09178897738456726,
      0.09024025499820709,
      0.08992104977369308,
      0.08879062533378601
    ],
    "teacher_2": [
      0.6628475785255432,
      0.7512784004211426,
      0.9134451150894165,
      0.940176248550415,
      0.9940199255943298,
      0.9403951168060303,
      0.9709633588790894,
      1.0158970355987549,
      0.979832112789154,
      0.980508029460907,
      0.7836979627609253,
      1.0528517961502075,
      1.1054571866989136,
      1.1364091634750366,
      1.0622211694717407,
      0.8309597373008728,
      1.1296309232711792,
      1.0370523929595947,
      1.0121641159057617,
      1.0743335485458374
    ],
    "teacher_3": [
      0.2583155930042267,
      0.19976308941841125,
      0.15728925168514252,
      0.150800421833992,
      0.129179909825325,
      0.12203570455312729,
      0.122764453291893,
      0.11278453469276428,
      0.11777817457914352,
      0.10999620705842972,
      0.1172480583190918,
      0.10172861814498901,
      0.10171840339899063,
      0.1019250825047493,
      0.09865329414606094,
      0.10975321382284164,
      0.09755483269691467,
      0.09851667284965515,
      0.09798216819763184,
      0.09884060174226761
    ],
    "teacher_4": [
      0.7811076641082764,
      0.8467767834663391,
      1.0219413042068481,
      1.041580080986023,
      1.0874757766723633,
      1.0353912115097046,
      1.0677564144134521,
      1.1002178192138672,
      1.0618942975997925,
      1.0597530603408813,
      0.8420118093490601,
      1.121612310409546,
      1.1875172853469849,
      1.2081427574157715,
      1.1314622163772583,
      0.880703330039978,
      1.1936864852905273,
      1.100158929824829,
      1.0702247619628906,
      1.1467236280441284
    ]
  },
  "centroid_fidelity": [
    0.31158530712127686,
    0.30798789858818054,
    0.35126474499702454,
    0.35697120428085327,
    0.3651192784309387,
    0.3379545509815216,
    0.35137295722961426,
    0.36157259345054626,
    0.347390741109848,
    0.3431975245475769,
    0.2621983289718628,
    0.36670759320259094,
    0.389753133058548,
    0.40076249837875366,
    0.3671795129776001,
    0.27422043681144714,
    0.3935677707195282,
    0.35577696561813354,
    0.34401533007621765,
    0.37223389744758606
  ],
  "teacher_diversity": {
    "teacher_0": [
      0.11620920151472092,
      0.11620920151472092,
      0.11620920151472092,
      0.11620920151472092,
      0.11620920151472092,
      0.11620920151472092,
      0.11620920151472092,
      0.11620920151472092,
      0.11620920151472092,
      0.11620920151472092,
      0.11620920151472092,
      0.11620920151472092,
      0.11620920151472092,
      0.11620920151472092,
      0.11620920151472092,
      0.11620920151472092,
      0.11620920151472092,
      0.11620920151472092,
      0.11620920151472092,
      0.11620920151472092
    ],
    "teacher_1": [
      0.12671901285648346,
      0.12671901285648346,
      0.12671901285648346,
      0.12671901285648346,
      0.12671901285648346,
      0.12671901285648346,
      0.12671901285648346,
      0.12671901285648346,
      0.12671901285648346,
      0.12671901285648346,
      0.12671901285648346,
      0.12671901285648346,
      0.12671901285648346,
      0.12671901285648346,
      0.12671901285648346,
      0.12671901285648346,
      0.12671901285648346,
      0.12671901285648346,
      0.12671901285648346,
      0.12671901285648346
    ],
    "teacher_2": [
      0.1331751048564911,
      0.1331751048564911,
      0.1331751048564911,
      0.1331751048564911,
      0.1331751048564911,
      0.1331751048564911,
      0.1331751048564911,
      0.1331751048564911,
      0.1331751048564911,
      0.1331751048564911,
      0.1331751048564911,
      0.1331751048564911,
      0.1331751048564911,
      0.1331751048564911,
      0.1331751048564911,
      0.1331751048564911,
      0.1331751048564911,
      0.1331751048564911,
      0.1331751048564911,
      0.1331751048564911
    ],